ObsID,Latitude,Longitude,ObsDate,ObsTime,LimitingMag,Country
1,47.9327,21.0382,2/21/2011,19:00,3,Hungary
2,27.5072,-109.934,2/21/2011,21:01,4,Mexico
3,4.60641,-74.0695,2/21/2011,23:32,-9999,Colombia
4,28.5747,77.3666,2/21/2011,20:23,3,India
5,-34.7182,-55.9598,2/21/2011,22:00,5,Uruguay
6,45.2402,-84.5441,2/21/2011,21:21,6,United States - Michigan
7,49.1964,119.738,2/21/2011,21:30,5,China
8,60.564,-151.197,2/21/2011,21:11,4,United States - Alaska
9,19.2063,-155.902,2/21/2011,22:00,5,United States - Hawaii
10,-34.3071,152.031,2/21/2011,19:58,-9999,Australia
11,-31.8769,115.955,2/21/2011,20:05,2,Australia
12,31.7857,35.2007,2/21/2011,19:27,1,Indonesia
14,-37.8816,145.184,2/21/2011,23:41,3,Australia
15,4.77047,100.936,2/21/2011,22:13,4,Malaysia
16,14.6283,121.039,2/21/2011,22:00,3,Philippines
17,37.254,55.167,2/21/2011,19:30,4,Iran
18,28.6579,77.3652,2/21/2011,20:54,3,India
19,22.3436,73.1894,2/21/2011,21:32,4,India
20,22.3027,73.2043,2/21/2010,21:50,3,India
21,22.3027,73.2043,2/21/2010,21:50,3,India
22,22.333,73.1947,2/21/2011,20:30,4,India
23,6.9155,79.8751,2/21/2011,22:41,-9999,Sri Lanka
24,60.1838,24.7809,2/21/2011,19:25,3,Finland
25,49.7335,17.7949,2/21/2011,18:51,1,Czech Republic
26,24.8934,67.0281,2/21/2011,22:47,4,Pakistan
27,49.8235,17.7708,2/21/2011,19:05,-9999,Czech Republic
28,17.385,78.4867,2/21/2011,23:06,2,Pakistan
29,43.2167,27.9167,2/21/2011,20:06,-9999,Bulgaria
32,49.7776,17.7575,2/21/2011,19:15,-9999,Czech Republic
33,41.9311,25.5489,2/21/2011,20:06,-9999,Bulgaria
34,50.7815,7.23975,2/21/2011,19:44,2,Germany
35,49.7109,17.8001,2/21/2011,19:14,-9999,Czech Republic
36,41.9215,25.5568,2/21/2011,20:22,-9999,Bulgaria
37,-26.1131,27.9026,2/21/2011,19:26,-9999,South Africa
38,49.7757,17.7533,2/21/2011,20:11,-9999,Czech Republic
39,28.6877,77.1666,2/22/2011,21:39,1,India
40,48.31,11.8958,2/21/2011,20:24,-9999,Germany
41,55.9938,-2.51892,2/21/2011,19:32,5,United Kingdom
42,40.6042,-3.71429,2/21/2011,20:27,3,Spain
43,24.9216,67.0259,2/21/2011,21:30,4,Pakistan
44,52.0287,8.36865,2/21/2011,20:10,5,Germany
45,32.857,51.5593,2/21/2011,23:27,4,Iran
46,51.9647,7.6285,2/21/2011,20:51,3,Germany
47,49.8712,12.3348,2/21/2011,21:52,4,Germany
48,53.7487,-6.69922,2/21/2011,20:55,-9999,Ireland
49,50.7686,7.19877,2/21/2011,21:55,-9999,Germany
50,47.9349,21.7518,2/21/2011,21:30,2,Hungary
51,53.1242,18.0531,2/21/2011,22:17,2,Poland
52,45.7593,0.515481,2/21/2011,22:28,-9999,France
53,50.9243,7.09446,2/21/2011,22:28,3,Germany
54,53.1225,17.9559,2/21/2011,22:05,4,Poland
55,49.977,-98.1851,2/21/2011,21:17,5,Canada
56,31.6101,-8.03061,2/21/2011,22:45,5,Morocco
57,50.7057,7.10959,2/21/2011,22:50,3,Germany
58,18.367,-65.7253,2/21/2011,19:29,-9999,Puerto Rico
59,42.9165,-77.5034,2/21/2011,18:36,-9999,United States - New York
60,38.8723,-77.4148,2/21/2011,18:46,3,United States - Virginia
61,38.8723,-77.4143,2/21/2011,18:51,3,United States - Virginia
62,35.5647,-77.3688,2/21/2011,18:50,3,United States - North Carolina
63,33.1477,-107.234,2/21/2011,18:55,4,United States - North Carolina
64,9.0125,-79.5033,2/21/2011,19:04,3,Panama
65,43.5442,-72.2364,2/21/2011,19:10,3,United States - New Hampshire
66,4.70401,-74.0574,2/21/2011,19:03,3,Colombia
67,35.5659,-77.3926,2/21/2011,19:26,1,United States - North Carolina
68,41.2843,-82.1952,2/21/2011,19:21,6,United States - Ohio
69,41.3946,-82.2141,2/21/2011,18:36,4,United States - Ohio
70,28.8083,-81.684,2/21/2011,19:24,3,United States - Florida
71,41.2952,-82.1528,2/21/2011,19:55,6,United States - Ohio
72,45.6,-73.45,2/21/2011,20:00,3,Canada
73,40.7833,-73.9077,2/21/2011,20:03,3,United States - New York
74,15.7835,-90.2308,2/21/2011,19:03,3,Guatemala
75,13.5317,-87.5396,2/21/2011,19:13,3,Guatemala
76,40.773,-73.9583,2/21/2011,20:16,-9999,United States - New York
77,35.6127,-77.3664,2/21/2011,20:17,2,United States - North Carolina
78,30.0851,-95.6938,2/21/2011,19:21,3,United States - Texas
80,8.99445,-79.5377,2/21/2011,20:00,4,Panama
81,40.6715,-74.1139,2/21/2011,20:13,-9999,United States - New Jersey
82,38.4844,-81.3644,2/21/2011,20:38,-9999,United States - West Virginia
83,43.5416,-72.1302,2/21/2011,20:35,3,United States - New Hampshire
84,35.1134,-80.8709,2/21/2011,20:40,3,United States - North Carolina
85,32.0864,-96.4633,2/21/2011,19:27,5,United States - Texas
86,40.7643,-73.8929,2/21/2011,20:12,-9999,United States - New York
87,32.75,-96.5606,2/21/2011,19:44,2,United States - Texas
88,35.4397,-77.473,2/21/2011,20:49,3,United States - North Carolina
89,40.7774,-73.9191,2/21/2011,20:40,-9999,United States - New York
90,-34.6233,-58.4072,2/21/2011,22:45,3,Argentina
91,32.7415,-96.5482,2/21/2011,19:49,3,United States - Texas
92,4.72222,-74.04,2/21/2011,20:50,3,Colombia
93,35.6206,-77.4187,2/21/2011,20:56,2,United States - North Carolina
94,28.5195,-99.8728,2/21/2011,19:54,5,United States - Texas
95,32.4264,-81.7798,2/21/2011,20:34,4,United States - Georgia
96,27.7778,-82.7818,2/21/2011,20:39,4,United States - Florida
97,40.7833,-73.9077,2/22/2011,0:00,-9999,United States - New York
98,32.4115,-111.01,2/21/2011,19:00,3,United States - Arizona
99,32.1756,-110.916,2/21/2011,19:00,2,United States - Arizona
100,41.1182,-73.9554,2/21/2011,21:14,-9999,United States - New York
101,32.157,-110.948,2/21/2011,19:15,2,United States - Arizona
102,41.5301,-87.2848,2/21/2011,20:14,-9999,United States - Indiana
103,31.8776,-110.718,2/21/2011,19:19,2,United States - Arizona
105,31.8546,-110.976,2/21/2011,19:24,4,United States - Arizona
106,35.1349,-106.549,2/21/2011,19:18,4,United States - New Mexico
108,14.6148,-90.5311,2/21/2011,20:28,3,Guatemala
109,29.9229,-90.0909,2/21/2011,20:22,3,United States - Louisiana
110,29.9229,-90.0909,2/21/2011,20:22,3,United States - Louisiana
113,14.6167,-90.5071,2/21/2011,20:39,3,Guatemala
114,48.3573,-104.757,2/21/2011,21:00,-9999,United States - New York
115,39.1155,-104.92,2/21/2011,19:39,4,United States - Colorado
116,8.80908,-82.6202,2/21/2011,21:49,5,Panama
117,32.2386,-110.879,2/21/2011,19:50,4,United States - Arizona
118,43.6952,-79.3196,2/21/2011,21:49,1,Canada
120,43.4992,-72.1041,2/21/2011,21:40,4,United States - New Hampshire
121,41.3625,-73.9661,2/21/2011,21:56,-9999,United States - New York
122,32.4262,-81.7792,2/21/2011,20:35,4,United States - Georgia
123,38.5478,-121.476,2/21/2011,19:00,3,United States - California
124,32.3104,-110.863,2/21/2011,20:02,3,United States - Arizona
125,32.4414,-81.7942,2/21/2011,21:30,3,United States - Georgia
126,31.8901,-110.95,2/21/2011,20:05,5,United States - Arizona
127,34.1654,-118.263,2/21/2011,19:01,4,United States - California
128,32.6097,-97.5377,2/21/2011,20:47,5,United States - Texas
129,44.0206,-123.08,2/21/2011,19:04,3,United States - Oregon
130,32.6097,-97.5377,2/21/2011,21:18,3,United States - Texas
131,38.8208,-102.352,2/21/2011,20:17,2,United States - Colorado
132,31.8214,-110.928,2/21/2011,20:18,6,United States - Arizona
133,36.7477,-119.772,2/21/2011,19:26,-9999,United States - California
134,42.054,-87.7145,2/21/2011,21:26,-9999,United States - Illinois
135,39.1114,-95.1002,2/21/2011,20:15,4,United States - Kansas
136,32.4019,-111.009,2/21/2011,20:32,3,United States - Arizona
137,39.2167,-95.1243,2/21/2011,20:35,6,United States - Kansas
138,32.4217,-111.004,2/21/2011,20:35,5,United States - Arizona
139,32.3976,-110.998,2/21/2011,19:34,4,United States - Arizona
140,44.0799,-123.099,2/21/2011,19:31,3,United States - Oregon
141,28.0582,-82.6881,2/21/2011,22:34,4,United States - Florida
142,40.7719,-73.9306,2/21/2011,22:42,-9999,United States - New York
143,32.1989,-95.352,2/21/2011,21:41,3,United States - Texas
144,42.2349,-83.6444,2/21/2011,22:39,3,United States - Michigan
145,31.9576,-110.956,2/21/2011,20:41,5,United States - Arizona
146,31.809,-106.452,2/21/2011,20:35,4,United States - Texas
147,36.4871,-94.3088,2/21/2011,21:49,4,United States - Arkansas
148,35.5452,-97.3011,2/21/2011,21:00,4,United States - Oklahoma
149,32.6962,-114.603,2/21/2011,20:57,4,United States - Arizona
150,19.3387,-99.1841,2/21/2011,21:30,3,Mexico
151,35.6411,-77.3237,2/21/2011,23:00,3,United States - North Carolina
152,32.2332,-110.954,2/21/2011,21:03,4,United States - Arizona
153,35.7246,-97.4073,2/21/2011,21:35,5,United States - Oklahoma
154,31.8216,-110.905,2/21/2011,18:51,3,United States - Arizona
155,36.0648,-94.171,2/21/2011,21:26,-9999,United States - Arkansas
156,34.4338,-118.561,2/21/2011,20:32,3,United States - California
157,44.2911,-105.502,2/21/2011,21:29,4,United States - Wyoming
158,34.9711,-79.0101,2/21/2011,23:17,4,United States - North Carolina
159,34.4377,-118.488,2/21/2011,20:17,4,United States - California
160,32.0878,-110.775,2/21/2011,20:00,3,United States - Arizona
161,32.0653,-110.773,2/21/2011,20:05,4,United States - Arizona
162,38.6765,-121.377,2/21/2011,20:40,3,United States - California
163,32.1724,-110.946,2/21/2011,21:43,3,United States - Arizona
164,32.1027,-110.773,2/21/2011,20:15,3,United States - Arizona
165,24.9729,67.0643,2/21/2011,19:15,4,Pakistan
167,39.3062,-120.336,2/21/2011,20:00,6,United States - California
168,32.1192,-110.773,2/21/2011,20:20,3,United States - Arizona
169,42.3456,-71.5213,2/21/2011,20:30,-9999,United States - Massachusetts
170,32.148,-110.773,2/21/2011,20:25,4,United States - Arizona
171,39.3062,-120.336,2/21/2011,20:00,6,United States - California
172,32.1625,-110.773,2/21/2011,20:35,3,United States - Arizona
173,31.8941,-110.946,2/21/2011,22:01,5,United States - Arizona
174,31.8573,-110.974,2/21/2011,22:06,5,United States - Arizona
175,32.1772,-110.773,2/21/2011,20:40,4,United States - Arizona
176,32.1919,-110.773,2/21/2011,20:45,3,United States - Arizona
177,47.5908,-122.198,2/21/2011,21:00,-9999,United States - Washington
178,38.4844,-81.3644,2/22/2011,20:38,-9999,United States - West Virginia
179,33.432,-88.8138,2/21/2011,23:11,3,United States - Mississippi
180,35.6915,-97.4516,2/21/2011,22:50,4,United States - Oklahoma
182,35.201,-97.4509,2/21/2011,21:25,4,United States - Oklahoma
183,61.2108,23.7638,2/21/2011,22:35,4,Finland
184,34.0172,-118.436,2/21/2011,21:45,3,United States - California
185,36.6895,-119.093,2/21/2011,21:51,2,United States - California
186,32.9381,-117.121,2/21/2011,21:52,4,United States - California
187,4.82882,7.06027,2/21/2011,20:40,3,Nigeria
188,48.3495,-123.566,2/21/2011,19:50,6,Canada
189,-25.764,28.2834,2/21/2011,21:00,-9999,South Africa
190,37.543,45.0694,2/21/2011,22:05,4,Iran
191,42.9596,27.7165,2/21/2011,0:00,3,Bulgaria
192,-37.7186,154.141,2/22/2011,19:47,-9999,Australia
193,44.5612,5.99732,2/21/2011,22:17,6,France
194,42.5531,2.96875,2/22/2011,0:00,-9999,France
195,51.6912,19.6757,2/21/2011,19:47,5,Poland
196,-43.1191,147.054,2/22/2011,21:24,4,Australia
197,-37.8816,145.184,2/22/2011,20:30,-9999,Australia
198,40.2992,21.7878,2/21/2011,20:36,4,Greece
201,35.6352,-77.4706,2/21/2011,19:00,3,United States - North Carolina
202,21.6901,110.896,2/22/2011,20:10,3,China
203,-37.5677,143.861,2/22/2011,23:47,5,Australia
204,44.4258,8.84772,2/21/2011,19:30,3,Italy
205,51.7005,7.12724,2/21/2011,22:00,3,Germany
206,8.9747,-79.5579,2/21/2011,19:00,3,Panama
207,43.4496,-80.4745,2/21/2011,22:13,3,Canada
208,50.7837,7.19182,2/21/2011,21:30,1,Germany
209,28.6353,77.225,2/22/2011,19:50,3,India
210,28.6997,77.1263,2/22/2011,20:17,3,India
211,22.3316,73.1956,2/21/2011,20:30,3,India
212,28.5644,77.355,2/22/2011,20:30,3,India
213,22.3434,73.1888,2/22/2011,20:28,4,India
214,22.3433,73.1887,2/22/2011,20:29,4,India
215,22.3165,73.2023,2/22/2011,20:33,4,India
216,22.3165,73.2024,2/22/2011,20:40,3,India
217,37.8859,-122.474,2/21/2011,21:00,3,United States - California
218,60.6174,24.8751,2/21/2011,21:30,4,Finland
219,22.3169,73.2029,2/22/2011,20:15,3,India
220,40.7833,-73.9077,2/21/2011,20:00,-9999,United States - New York
221,22.3171,73.2028,2/22/2011,20:15,4,India
222,38.0319,46.36,2/22/2011,19:00,3,Iran
223,28.6579,77.3652,2/22/2011,21:14,2,India
224,4.77033,100.937,2/22/2011,23:50,4,Malaysia
225,23.8858,76.7969,2/22/2011,0:00,3,India
225,28.6935,77.0824,2/22/2011,21:30,2,India
226,28.6935,77.0824,2/22/2011,21:30,2,India
228,28.8891,76.6138,2/22/2011,20:30,4,India
229,6.91509,79.874,2/22/2011,22:18,-9999,Sri Lanka
230,22.3,78.2,2/22/2011,21:44,3,India
231,22.3272,73.1769,2/21/2011,20:44,4,India
232,51.5634,5.08981,2/21/2011,0:00,4,Netherlands
233,28.6701,77.0855,2/22/2011,23:26,3,India
234,17.0838,54.1509,2/22/2011,21:57,3,Oman
235,53.8764,18.8097,2/22/2011,19:00,6,Poland
236,54.0875,18.7911,2/22/2011,19:13,4,Poland
237,50.7686,7.19879,2/22/2011,19:10,3,Germany
238,40.7663,-73.9076,2/21/2011,20:19,-9999,United States - New York
239,42.9779,-70.9476,2/21/2011,20:00,-9999,United States - New Hampshire
240,53.8349,18.6957,2/22/2011,19:22,4,Poland
241,49.711,17.8001,2/22/2011,19:44,-9999,Czech Republic
242,49.7786,17.7509,2/22/2011,19:45,-9999,Czech Republic
243,49.7786,17.7509,2/22/2011,19:47,3,Czech Republic
244,49.7759,17.7502,2/22/2011,19:47,-9999,Czech Republic
245,39.8503,-105.116,2/21/2011,20:35,3,United States - Colorado
246,50.7752,7.20283,2/22/2011,19:50,2,Germany
247,49.7757,17.7533,2/22/2011,20:04,-9999,Czech Republic
248,-26.0299,28.0146,2/22/2011,21:11,3,South Africa
249,-26.1131,27.9026,2/22/2011,21:24,3,South Africa
250,45.882,-66.7728,2/21/2011,23:00,3,Canada
251,54.1364,18.7196,2/22/2011,20:32,4,Poland
252,54.1362,18.7208,2/22/2011,20:40,4,Poland
253,42.9917,27.7225,2/22/2011,21:34,3,Bulgaria
254,45.7593,0.515481,2/22/2011,20:47,-9999,France
255,54.0289,18.3584,2/22/2011,20:20,5,Poland
256,54.1384,18.8483,2/22/2011,20:10,5,Poland
257,53.9927,18.7003,2/22/2011,20:35,5,Poland
258,53.9337,18.7684,2/22/2011,20:10,4,Poland
259,48.4904,8.00376,2/22/2011,20:40,4,Germany
260,50.2358,18.2042,2/22/2011,21:00,1,Poland
261,54.1092,18.8056,2/22/2011,21:00,3,Poland
262,53.4368,19.9873,2/22/2011,21:00,4,Poland
263,36.1017,-96.6778,2/21/2011,23:00,4,United States - Arizona
264,39.1488,-94.5568,2/22/2011,20:00,1,United States - Missouri
265,40.602,-74.6774,2/21/2011,19:27,4,United States - New Jersey
266,41.9338,25.5643,2/22/2011,20:20,-9999,Bulgaria
267,50.7725,7.20861,2/22/2011,20:45,3,Germany
268,51.2517,4.45017,2/22/2011,21:30,4,Belgium
269,50.7784,7.2105,2/22/2011,21:43,5,Germany
270,50.7828,7.20363,2/23/2011,21:46,5,Germany
271,54.1781,18.6364,2/22/2011,20:48,4,Poland
272,50.1769,10.8789,2/22/2011,21:48,3,Germany
273,38.0511,-120.302,2/21/2011,22:15,5,United States - California
274,32.4239,-81.7846,2/21/2011,20:34,3,United States - Georgia
275,49.4722,8.84945,2/22/2011,21:15,5,Germany
276,41.1444,22.501,2/22/2011,0:00,-9999,Macedonia
277,41.1444,22.5011,2/21/2011,0:00,-9999,Macedonia
278,50.7764,7.21142,2/22/2011,22:46,2,Germany
279,50.9243,7.09446,2/22/2011,0:00,4,Germany
280,50.9243,7.09446,2/22/2011,20:45,4,Germany
281,32.4262,-81.7792,2/21/2011,20:40,4,United States - Georgia
283,38.9311,-104.78,2/22/2011,19:54,3,United States - Colorado
284,48.9313,8.2685,2/22/2011,23:21,5,Germany
286,20.5931,-100.392,2/21/2011,21:00,4,Mexico
287,43.8109,-72.1587,2/22/2011,18:24,4,United States - Vermont
288,3.48811,-76.4958,2/22/2011,18:24,1,Colombia
289,35.5611,-77.3683,2/22/2011,18:47,3,United States - North Carolina
290,-25.3188,152.69,2/22/2011,20:33,5,Australia
291,30.5979,34.8454,2/22/2011,22:00,6,Israel
292,40.7316,-82.8144,2/22/2011,18:47,2,United States - Michigan
293,40.1287,-75.1226,2/22/2011,19:00,5,United States - Pennsylvania
294,32.4315,-81.735,2/21/2011,21:35,4,United States - Georgia
295,41.4569,15.5543,2/23/2011,18:50,3,Italy
296,42.2771,-83.7382,2/23/2011,19:10,1,United States - Michigan
297,35.6349,-77.4692,2/22/2011,19:29,4,United States - North Carolina
298,42.2768,-83.7401,2/22/2011,19:35,3,United States - Michigan
299,42.9165,-77.5034,2/22/2011,19:31,3,United States - New York
300,32.75,-96.5606,2/22/2011,19:32,-9999,United States - Texas
301,35.4397,-77.473,2/22/2011,19:33,4,United States - North Carolina
302,32.7764,-79.9311,2/22/2011,19:36,-9999,United States - South Carolina
303,35.6974,139.746,2/22/2011,19:00,3,Japan
304,32.6579,-79.9121,2/22/2011,19:38,7,United States - South Carolina
305,32.7941,-79.8626,2/22/2011,19:36,-9999,United States - South Carolina
306,40.7734,-73.9016,2/22/2011,19:41,3,United States - New York
308,40.6907,-74.4233,2/22/2011,19:33,4,United States - New Jersey
309,32.9108,-79.8045,2/22/2011,19:42,-9999,United States - South Carolina
310,37.1373,-80.7006,2/21/2011,21:55,4,United States - Virginia
311,32.7764,-79.9311,2/22/2011,19:42,-9999,United States - South Carolina
312,40.4469,-92.6562,2/22/2011,19:47,3,United States - South Carolina
313,40.6858,-73.9521,2/22/2011,19:49,1,United States - New York
314,35.5894,-77.3379,2/22/2011,19:49,4,United States - North Carolina
315,43.4191,-80.5571,2/22/2011,19:59,3,Canada
316,38.8037,-77.2998,2/22/2011,19:47,2,United States - Virginia
317,45.5891,-73.4606,2/22/2011,20:10,4,Canada
318,32.7791,-79.9468,2/22/2011,20:01,-9999,United States - South Carolina
319,43.5442,-72.2364,2/22/2011,19:34,4,United States - New Hampshire
320,42.1884,-76.8069,2/22/2011,20:11,4,United States - New York
321,35.5657,-77.3781,2/22/2011,20:05,3,United States - North Carolina
322,27.3364,-82.5307,2/22/2011,20:20,3,United States - Florida
323,9.04961,-79.4679,2/22/2011,20:12,4,Panama
324,32.7258,-79.9726,2/22/2011,20:01,3,United States - South Carolina
325,8.99463,-79.5242,2/22/2011,20:14,3,Panama
326,43.5192,-72.1673,2/21/2011,20:22,6,United States - New Hampshire
327,43.519,-72.1679,2/22/2011,20:25,4,United States - New Hampshire
328,35.63,-77.4291,2/22/2011,20:21,2,United States - North Carolina
329,42.2349,-83.6452,2/22/2011,20:29,3,United States - Michigan
330,35.1134,-80.8709,2/21/2011,20:40,3,United States - North Carolina
331,35.2266,-93.0575,2/22/2011,19:29,4,United States - Arkansas
332,30.1914,-97.9075,2/22/2011,19:32,4,United States - Texas
333,35.1165,-80.8716,2/22/2011,20:32,1,United States - North Carolina
334,35.9127,-78.7494,2/22/2011,20:34,3,United States - North Carolina
335,30.3002,-97.7611,2/22/2011,19:34,3,United States - Texas
336,14.6487,121.073,2/22/2011,19:00,3,Philippines
337,43.6788,-79.4241,2/22/2011,20:38,3,Canada
338,32.4196,-110.995,2/21/2011,20:15,5,United States - Arizona
339,32.7764,-79.9311,2/22/2011,20:32,-9999,United States - South Carolina
340,30.312,-97.7666,2/22/2011,18:48,4,United States - Texas
341,30.3978,-97.762,2/22/2011,19:14,3,United States - Texas
342,14.6487,121.073,2/22/2011,21:30,3,Philippines
343,36.3678,-94.2894,2/22/2011,19:36,2,United States - Arkansas
344,42.836,-80.3248,2/22/2011,20:35,4,Canada
345,42.2345,-83.6421,2/22/2011,20:20,4,United States - Michigan
346,31.988,-110.973,2/22/2011,18:50,3,United States - Arizona
347,40.6715,-74.1139,2/22/2011,20:46,3,United States - New Jersey
348,42.2575,-83.6879,2/22/2011,20:06,1,United States - Michigan
349,32.1408,-96.8269,2/22/2011,19:24,-9999,United States - Texas
350,32.3023,-110.827,2/21/2011,18:00,3,United States - Arizona
351,35.8481,-78.5631,2/22/2011,20:47,4,United States - North Carolina
352,31.0529,-82.4609,2/22/2011,20:00,5,United States - South Carolina
353,40.773,-73.9583,2/22/2011,20:56,4,United States - New York
355,6.24786,-75.5584,2/22/2011,20:49,1,Colombia
356,42.5055,-82.9251,2/22/2011,20:46,4,United States - Michigan
357,40.7833,-73.9077,2/22/2011,0:00,3,United States - New York
358,38.462,-81.5053,2/22/2011,20:56,-9999,United States - West Virginia
359,32.4166,-111.001,2/21/2011,20:23,3,United States - Arizona
360,30.2978,-97.7379,2/22/2011,21:03,3,United States - Texas
361,38.4076,-81.4863,2/22/2011,21:04,-9999,United States - West Virginia
362,43.5416,-72.1302,2/22/2011,21:01,5,United States - New Hampshire
363,40.7833,-73.9077,2/22/2011,21:01,4,United States - New York
364,43.7198,-72.3139,2/22/2011,20:58,4,United States - Vermont
365,38.4084,-81.4754,2/22/2011,21:00,-9999,United States - West Virginia
366,41.5301,-87.2848,2/22/2011,20:11,-9999,United States - Indiana
367,35.2481,-93.0491,2/22/2011,20:05,5,United States - Arkansas
368,30.0837,-95.6942,2/22/2011,20:17,-9999,United States - Texas
369,32.4272,-81.7831,2/22/2011,20:50,3,United States - Georgia
371,40.6983,-96.5277,2/22/2011,20:18,6,United States - Nebraska
372,40.7643,-73.8929,2/22/2011,20:19,4,United States - New York
373,38.4844,-81.3644,2/22/2011,21:23,-9999,United States - West Virginia
374,30.1466,-98.0171,2/22/2011,20:24,4,United States - Texas
375,40.6406,-74.6223,2/22/2011,21:24,3,United States - New Jersey
376,31.3083,121.498,2/22/2011,20:25,3,China
377,30.2971,-97.7282,2/22/2011,20:30,3,United States - Texas
378,18.4199,-66.2415,2/22/2011,22:17,5,Puerto Rico
379,30.3003,-97.7726,2/22/2011,20:23,4,United States - Texas
380,32.7818,-80.022,2/22/2011,20:30,5,United States - South Carolina
381,30.291,-97.7532,2/22/2011,20:31,3,United States - Texas
382,38.5033,-81.3512,2/22/2011,21:34,-9999,United States - West Virginia
383,38.4736,-81.2799,2/22/2011,21:35,-9999,United States - West Virginia
384,40.7719,-73.9306,2/22/2011,21:35,1,United States - New York
385,38.5019,-81.3519,2/22/2011,21:37,-9999,United States - West Virginia
386,35.6439,-97.7319,2/22/2011,20:34,3,United States - Oklahoma
387,40.775,-73.912,2/21/2011,20:30,-9999,United States - New York
388,28.0582,-82.6881,2/22/2011,21:26,4,United States - Florida
389,41.3624,-73.9661,2/22/2011,21:44,5,United States - New York
390,30.2943,-97.7551,2/22/2011,20:43,3,United States - Texas
391,40.7754,-73.9049,2/22/2011,21:25,3,United States - New York
392,32.2675,-110.843,2/22/2011,19:42,3,United States - Arizona
393,32.4264,-81.7798,2/22/2011,20:45,3,United States - Georgia
394,32.2636,-110.842,2/22/2011,19:33,4,United States - Arizona
395,39.7533,-75.0981,2/22/2011,21:46,4,United States - New Jersey
396,40.7643,-73.8929,2/22/2011,21:41,3,United States - New York
397,33.7586,-84.3517,2/22/2011,21:47,-9999,United States - South Carolina
398,39.048,-108.432,2/22/2011,19:46,6,United States - Colorado
400,29.9914,-91.7807,2/22/2011,20:48,4,United States - Louisiana
401,32.7223,-110.644,2/22/2011,19:28,4,United States - Arizona
402,40.7833,-73.9077,2/22/2011,21:55,1,United States - New York
403,32.2201,-110.792,2/22/2011,19:55,4,United States - Arizona
404,32.2575,-110.832,2/22/2011,20:00,4,United States - Arizona
406,42.5114,-70.8911,2/22/2011,21:57,4,United States - Massachusetts
407,31.9576,-110.956,2/22/2011,19:58,5,United States - Arizona
408,42.3456,-71.5213,2/22/2011,21:56,4,United States - Massachusetts
409,40.7754,-73.9049,2/22/2011,21:56,3,United States - New York
410,40.7681,-73.8889,2/22/2011,22:00,2,United States - New York
412,32.7764,-79.9311,2/22/2011,21:53,-9999,United States - South Carolina
413,30.3307,-97.7453,2/22/2011,21:04,1,United States - Texas
415,43.4992,-72.1041,2/22/2011,22:00,4,United States - New Hampshire
417,36.8871,-119.72,2/22/2011,19:00,4,United States - California
418,40.7833,-73.9077,2/21/2011,20:00,-9999,United States - New York
419,43.4894,-80.6931,2/22/2011,20:30,5,Canada
420,34.4813,-82.6533,2/22/2011,21:54,3,United States - New York
421,32.4219,-81.784,2/22/2011,22:13,3,United States - Georgia
422,31.8906,-110.949,2/22/2011,20:14,4,United States - Arizona
423,36.8782,-119.74,2/22/2011,19:24,3,United States - California
424,36.7477,-119.772,2/22/2011,19:18,3,United States - California
425,30.321,-97.7831,2/22/2011,20:37,4,United States - Texas
426,30.2727,-97.7903,2/22/2011,21:21,3,United States - Texas
427,30.1629,-97.4894,2/22/2011,21:23,-9999,United States - Texas
428,35.6411,-77.3237,2/22/2011,22:24,3,United States - North Carolina
429,38.4827,-81.2637,2/22/2011,22:17,-9999,United States - West Virginia
430,38.5684,-90.4222,2/22/2011,21:00,4,United States - Missouri
431,30.4869,-90.9562,2/22/2011,21:27,3,United States - Louisiana
433,35.6915,-97.4516,2/22/2011,21:28,-9999,United States - Oklahoma
434,41.6065,-93.5158,2/22/2011,21:18,4,United States - Iowa
435,32.2648,-110.833,2/22/2011,20:37,5,United States - Arizona
436,32.2784,-110.894,2/22/2011,20:33,4,United States - Arizona
438,35.6206,-77.4187,2/22/2011,22:32,2,United States - North Carolina
439,35.5465,-97.6092,2/22/2011,21:38,3,United States - Oklahoma
440,30.3685,-97.8407,2/22/2011,21:42,4,United States - Texas
441,45.5563,-122.681,2/22/2011,19:38,3,United States - Oregon
442,19.3387,-99.1841,2/22/2011,21:33,2,Mexico
443,30.2233,-81.6045,2/22/2011,22:46,2,United States - Florida
444,45.5614,-122.679,2/22/2011,19:49,3,United States - Oregon
445,37.7147,-121.919,2/22/2011,19:45,4,United States - California
446,40.1876,-105.148,2/22/2011,20:50,5,United States - Colorado
447,35.7281,-97.5337,2/22/2011,21:47,4,United States - Oklahoma
448,41.5666,-87.4961,2/22/2011,19:05,-9999,United States - Indiana
450,-36.686,-64.2896,2/22/2011,22:40,3,Argentina
451,41.7299,-93.5842,2/22/2011,21:53,2,United States - Iowa
452,32.4668,-110.943,2/22/2011,20:54,5,United States - Arizona
453,34.2961,-79.881,2/21/2011,20:00,4,United States - South Carolina
454,36.8773,-119.74,2/22/2011,19:48,3,United States - California
455,30.3326,-97.749,2/22/2011,21:55,3,United States - Texas
456,33.8523,-84.7243,2/22/2011,22:51,3,United States - Georgia
457,38.4374,-81.36,2/22/2011,22:52,-9999,United States - West Virginia
458,36.8777,-119.739,2/22/2011,20:04,4,United States - California
459,34.3038,-79.8474,2/21/2011,20:45,4,United States - South Carolina
460,32.466,-110.942,2/22/2011,21:14,3,United States - Arizona
461,38.5072,-90.4962,2/22/2011,22:13,4,United States - Missouri
462,44.2911,-105.502,2/22/2011,21:20,3,United States - Wyoming
463,36.0648,-94.171,2/22/2011,22:18,3,United States - Arkansas
464,8.98526,-79.5516,2/22/2011,20:10,3,Panama
465,38.5478,-121.476,2/22/2011,19:06,2,United States - California
466,36.2869,-119.154,2/22/2011,20:17,4,United States - California
468,48.4236,-123.496,2/21/2011,20:00,4,Canada
469,32.2285,-110.979,2/22/2011,20:05,3,United States - Arizona
470,37.3629,-122.133,2/22/2011,20:33,4,United States - California
471,36.886,-119.749,2/22/2011,20:36,4,United States - California
472,32.1145,-110.797,2/22/2011,20:40,5,United States - Arizona
473,33.5779,-101.855,2/22/2011,22:38,4,United States - Texas
474,33.2938,-111.848,2/22/2011,21:30,3,United States - Arizona
475,38.5409,-121.492,2/22/2011,19:24,5,United States - California
476,38.5409,-121.492,2/22/2011,20:15,5,United States - California
477,38.5409,-121.492,2/22/2011,19:24,5,United States - California
478,38.5409,-121.492,2/22/2011,20:15,4,United States - California
479,38.5409,-121.492,2/22/2011,20:44,4,United States - California
480,35.6057,-97.5903,2/22/2011,21:45,3,United States - Oklahoma
481,38.5395,-121.492,2/22/2011,20:15,5,United States - California
482,51.3289,7.02919,2/21/2011,21:00,4,Germany
483,38.5419,-121.485,2/22/2011,20:51,4,United States - California
484,38.5409,-121.492,2/22/2011,20:40,4,United States - California
485,32.4271,-81.7758,2/22/2011,20:45,4,United States - Georgia
486,38.5409,-121.492,2/22/2011,20:15,4,United States - California
487,38.5409,-121.492,2/22/2011,20:59,4,United States - California
488,38.5409,-121.492,2/22/2011,20:52,3,United States - California
489,8.92586,-79.6917,2/22/2011,22:31,3,Panama
490,38.5409,-121.492,2/22/2011,20:15,4,United States - California
491,38.5409,-121.492,2/22/2011,20:30,5,United States - California
492,38.5409,-121.492,2/22/2011,20:40,4,United States - California
493,38.5816,-121.494,2/22/2011,21:00,4,United States - California
494,38.5404,-121.491,2/22/2011,21:05,4,United States - California
495,32.4234,-81.7802,2/22/2011,20:30,4,United States - Georgia
496,38.5816,-121.494,2/22/2011,20:30,5,United States - California
497,38.5409,-121.492,2/22/2011,21:10,4,United States - California
498,38.5816,-121.494,2/22/2011,20:40,4,United States - California
499,31.9292,-110.991,2/22/2011,22:15,6,United States - Arizona
500,36.838,-119.701,2/22/2011,0:00,3,United States - California
501,36.837,-119.646,2/22/2011,19:57,4,United States - California
502,38.5409,-121.492,2/22/2011,21:20,5,United States - California
503,36.8362,-119.559,2/22/2011,20:02,4,United States - California
504,38.5409,-121.492,2/22/2011,20:21,4,United States - California
505,28.6172,77.0805,2/22/2011,19:30,3,India
506,36.3232,-119.307,2/22/2011,21:29,3,United States - California
507,36.7649,-119.556,2/22/2011,20:12,4,United States - California
508,36.7201,-119.457,2/22/2011,20:24,4,United States - California
509,36.7286,-119.345,2/22/2011,20:35,5,United States - California
510,36.7302,-119.285,2/22/2011,20:42,5,United States - California
511,40.7775,-73.9191,2/23/2011,19:36,-9999,United States - New York
512,36.7559,-119.178,2/22/2011,20:50,6,United States - California
513,38.5409,-121.492,2/22/2011,20:30,4,United States - California
514,36.7134,-119.104,2/22/2011,21:05,6,United States - California
515,38.5409,-121.492,2/22/2011,20:30,4,United States - California
516,36.69,-119.093,2/22/2011,21:15,6,United States - California
517,38.7291,-121.413,2/22/2011,20:45,4,United States - California
519,37.3524,-121.888,2/22/2011,22:14,2,United States - California
520,47.4818,19.1295,2/22/2011,0:00,3,United States - New York
521,40.7806,-73.9385,2/23/2011,0:00,-9999,United States - New York
522,38.585,-90.3406,2/22/2011,20:15,3,United States - Missouri
523,32.2527,-110.949,2/22/2011,23:54,2,United States - Arizona
524,37.8859,-122.474,2/22/2011,23:00,3,United States - California
525,35.201,-97.4509,2/22/2011,21:07,-9999,United States - Oklahoma
526,49.2391,-122.921,2/22/2011,23:13,4,Canada
527,47.4172,-122.166,2/22/2011,21:15,4,United States - Washington
528,49.1472,-122.336,2/22/2011,21:16,3,Canada
529,50.2281,18.1989,2/22/2011,20:30,1,Poland
530,-33.7243,154.844,2/23/2011,20:01,-9999,Australia
531,59.6233,-151.477,2/22/2011,21:00,6,United States - Alaska
532,43.68,4.61689,2/22/2011,23:00,4,France
533,-35.2684,138.634,2/23/2011,21:24,4,Australia
535,-43.1191,147.054,2/23/2011,21:25,2,Australia
536,-37.8816,145.184,2/23/2011,21:29,5,Australia
537,-37.7232,144.913,2/23/2011,0:00,4,Australia
538,42.9243,-77.9496,2/22/2011,18:00,5,United States - New York
539,50.4258,7.20385,2/22/2011,21:00,4,Germany
540,43.6617,4.65237,2/22/2011,22:40,4,France
543,28.62,77.0944,2/22/2011,0:00,3,India
544,-6.80835,110.842,2/23/2011,18:54,-9999,Indonesia
545,43.4161,-80.4706,2/22/2011,22:30,3,Canada
546,49.34,25.7,2/22/2011,18:48,3,Ukraine
547,23.6829,116.533,2/23/2011,19:15,3,China
548,40.773,-73.9262,2/21/2011,18:05,-9999,United States - New York
549,34.4534,-118.519,2/23/2011,20:30,3,United States - California
550,40.773,-73.9262,2/22/2011,18:04,3,United States - New York
551,42.504,-71.1839,2/22/2011,20:06,3,United States - Massachusetts
552,32.268,-91.7394,2/23/2011,20:00,3,United States - Louisiana
554,52.4388,13.5031,2/22/2011,21:00,4,Germany
555,40.8392,14.3224,2/22/2011,21:30,3,Italy
556,52.013,8.68035,2/22/2011,22:00,4,Germany
557,5.37737,100.308,2/23/2011,21:45,3,Malaysia
558,22.3334,73.1878,2/23/2011,20:02,4,India
559,35.2388,-93.0699,2/22/2011,22:00,4,United States - Arkansas
560,35.3893,-93.3452,2/23/2011,22:00,6,United States - Arkansas
561,38.7908,-77.4847,2/22/2011,20:42,4,United States - Virginia
562,28.6353,77.225,2/23/2011,0:00,-9999,India
563,28.6704,77.0852,2/23/2011,20:32,2,India
564,51.9969,5.88272,2/21/2011,23:00,3,Netherlands
565,22.2522,73.2061,2/23/2011,20:37,4,India
566,22.3435,73.189,2/23/2011,21:00,4,India
568,28.6579,77.3652,2/23/2011,21:00,-9999,India
569,50.9064,4.50855,2/21/2011,21:00,2,Belgium
570,38.0522,-120.298,2/22/2011,20:15,5,United States - California
572,28.6935,77.0824,2/23/2011,21:32,-9999,India
573,22.3164,73.2024,2/23/2011,20:20,4,India
574,6.91516,79.874,2/23/2011,21:34,3,Sri Lanka
575,35.6406,-77.3241,2/22/2011,19:30,3,United States - North Carolina
576,32.2675,-96.6978,2/22/2011,20:30,4,United States - Texas
577,8.97359,-79.5582,2/22/2011,19:00,3,Panama
578,49.2522,-123.019,2/22/2011,21:35,3,Canada
579,41.6193,-93.6993,2/22/2011,20:00,3,United States - Iowa
580,43.2019,-79.5584,2/22/2011,20:30,4,Canada
581,40.7715,-73.8723,2/21/2011,19:55,-9999,United States - New York
582,40.7715,-73.8723,2/22/2011,21:45,3,United States - New York
583,51.7806,19.4589,2/22/2011,19:55,3,Poland
584,35.1019,-111.675,2/22/2011,20:30,6,United States - Arizona
585,51.7701,19.4535,2/22/2011,20:19,2,Poland
586,31.545,74.3407,2/23/2011,21:57,4,Pakistan
587,28.6998,77.1263,2/23/2011,23:26,1,India
588,42.2814,-84.4221,2/22/2011,21:25,4,United States - Michigan
590,53.479,18.7524,2/23/2011,19:11,3,Poland
591,28.1078,-82.6395,2/21/2011,20:15,3,United States - Florida
592,49.7773,17.7522,2/23/2011,19:19,-9999,Czech Republic
593,28.1078,-82.6391,2/22/2011,19:45,4,United States - Florida
594,47.618,17.6531,2/23/2011,19:16,5,Hungary
595,41.6008,-93.6671,2/22/2011,19:47,4,United States - Iowa
596,38.7743,-121.373,2/22/2011,22:00,5,United States - California
597,49.8235,17.7708,2/22/2011,19:30,-9999,Czech Republic
598,40.4469,-94.0625,2/22/2011,18:34,2,United States - Iowa
599,49.8235,17.7707,2/23/2011,19:33,-9999,Czech Republic
600,22.7776,-102.578,2/22/2011,21:30,4,Mexico
601,44.9442,7.94194,2/23/2011,19:35,4,Italy
602,34.6892,-86.7479,2/22/2011,18:45,4,United States - Alabama
603,44.9442,7.94194,2/23/2011,19:45,4,Italy
604,50.7752,7.20287,2/23/2011,19:49,1,Germany
605,49.7757,17.7533,2/23/2011,19:53,3,Czech Republic
606,51.8591,19.524,2/23/2011,19:50,3,Poland
607,50.2408,18.2006,2/23/2011,19:58,3,Poland
609,40.3273,-74.8473,2/22/2011,20:00,4,United States - New Jersey
613,49.7109,17.8001,2/23/2011,20:13,-9999,Czech Republic
614,33.8782,-84.3368,2/22/2011,20:39,3,United States - Georgia
615,54.1486,18.6659,2/23/2011,20:22,1,Poland
616,48.31,11.8958,2/23/2011,20:36,4,Germany
617,54.1369,18.8772,2/23/2011,20:35,4,Poland
618,45.7593,0.515481,2/23/2011,20:45,-9999,France
619,52.4368,13.5208,2/23/2011,20:42,4,Germany
620,28.3561,-14.0406,2/23/2011,19:50,3,Spain
621,49.1941,16.5819,2/23/2011,20:50,3,Czech Republic
622,40.7631,-73.9121,2/22/2011,20:19,3,United States - New York
623,48.9909,8.45212,2/21/2011,20:20,3,Germany
624,32.3941,-80.7372,2/22/2011,20:00,5,United States - South Carolina
625,54.0991,18.7808,2/23/2011,20:45,4,Poland
626,28.2306,-13.9856,2/23/2011,20:05,4,Spain
627,48.1433,17.1155,2/23/2011,21:16,2,Slovakia
628,42.9905,27.7187,2/23/2011,22:11,3,Bulgaria
629,49.4247,17.5859,2/23/2011,21:10,4,Czech Republic
630,45.6322,-73.6112,2/22/2011,0:00,4,Canada
631,49.4722,8.84938,2/23/2011,21:20,1,Germany
632,36.3755,-119.026,2/22/2011,20:06,5,United States - California
633,54.352,18.6466,2/23/2011,21:34,4,Poland
634,46.9994,12.4638,2/23/2011,21:30,5,Austria
635,38.4515,-90.5471,2/22/2011,21:30,3,United States - Missouri
636,42.9934,27.7191,2/23/2011,23:17,3,Bulgaria
637,45.03,25.9108,2/23/2011,23:18,-9999,Romania
638,40.1054,-8.49271,2/23/2011,21:17,6,Portugal
639,14.5672,-90.5278,2/22/2011,21:10,4,Guatemala
640,54.1016,18.7662,2/23/2011,21:55,5,Poland
642,49.7335,17.7949,2/22/2011,20:20,1,Czech Republic
643,49.7335,17.7949,2/23/2011,21:00,1,Czech Republic
644,50.9243,7.09446,2/23/2011,20:05,-9999,Germany
645,40.9018,-8.49558,2/23/2011,22:03,4,Portugal
646,52.4852,13.4781,2/23/2011,21:15,3,Germany
647,54.0946,18.7857,2/23/2011,21:20,4,Poland
648,35.5379,-77.4337,2/23/2011,18:11,6,United States - North Carolina
649,40.7732,-73.9017,2/23/2011,18:29,3,United States - New York
650,35.5641,-77.3607,2/22/2011,19:15,3,United States - North Carolina
651,45.3127,-75.8354,2/23/2011,18:43,4,Canada
652,-38.033,145.117,2/23/2011,0:00,5,Australia
653,35.5563,-77.3558,2/23/2011,18:53,4,United States - North Carolina
654,27.4141,-82.4182,2/23/2011,19:01,3,United States - Florida
655,32.4261,-81.7792,2/22/2011,20:50,4,United States - Georgia
656,40.0379,-76.3055,2/23/2011,19:11,4,United States - Pennsylvania
658,43.804,-72.1079,2/23/2011,19:15,5,United States - New Hampshire
659,38.4486,-81.4665,2/23/2011,19:14,-9999,United States - West Virginia
661,40.7719,-73.9306,2/23/2011,19:22,3,United States - New York
662,35.9889,-78.9841,2/23/2011,19:19,3,United States - North Carolina
663,32.4028,-80.4355,2/23/2011,19:27,3,United States - South Carolina
664,41.0279,-73.6184,2/23/2011,19:24,4,United States - Connecticut
665,42.53,-71.2701,2/23/2011,19:20,4,United States - Massachusetts
666,33.1376,-80.7031,2/23/2011,19:29,4,United States - South Carolina
667,43.7261,-79.6192,2/23/2011,19:29,3,Canada
668,32.7766,-79.9309,2/23/2011,0:00,3,United States - South Carolina
670,32.7766,-79.9309,2/23/2011,19:34,5,United States - South Carolina
671,43.0689,-72.002,2/23/2011,18:45,3,United States - New Hampshire
672,49.5853,17.4122,2/23/2011,19:28,3,United States - South Carolina
673,43.0689,-72.002,2/23/2011,19:37,3,United States - New Hampshire
674,32.7764,-79.9311,2/23/2011,19:34,3,United States - South Carolina
675,26.1674,-81.8078,2/23/2011,19:29,3,United States - Florida
676,32.4346,-80.7489,2/23/2011,19:35,4,United States - South Carolina
677,32.7764,-79.9311,2/22/2011,19:47,3,United States - South Carolina
678,42.5689,-71.3673,2/23/2011,19:35,5,United States - Massachusetts
679,35.5419,-77.3757,2/23/2011,19:37,3,United States - North Carolina
680,32.7764,-79.9311,2/23/2011,19:42,3,United States - South Carolina
681,42.9243,-77.9496,2/23/2011,19:38,5,United States - New York
682,39.774,-76.3391,2/23/2011,19:41,4,United States - Pennsylvania
683,38.8037,-77.2999,2/23/2011,19:38,3,United States - Virginia
684,32.7764,-79.9311,2/22/2011,19:34,3,United States - South Carolina
685,39.6328,-74.7986,2/23/2011,19:45,4,United States - New Jersey
686,32.7764,-79.9311,2/23/2011,19:40,3,United States - South Carolina
687,32.7764,-79.9311,2/23/2011,19:47,4,United States - South Carolina
688,18.2805,-65.9231,2/23/2011,21:01,4,Puerto Rico
689,40.6339,-74.2695,2/21/2011,19:45,-9999,United States - New Jersey
690,32.7764,-79.9311,2/23/2011,19:51,3,United States - South Carolina
691,40.2917,-79.4051,2/23/2011,19:52,3,United States - Pennsylvania
692,40.2917,-79.4051,2/23/2011,19:53,3,United States - Pennsylvania
693,40.6338,-74.2695,2/23/2011,19:32,3,United States - New Jersey
694,40.2917,-79.4051,2/23/2011,19:53,3,United States - Pennsylvania
695,40.2926,-79.4038,2/23/2011,19:45,3,United States - Pennsylvania
696,32.7764,-79.9311,2/23/2011,19:56,5,United States - South Carolina
697,30.2514,-97.8428,2/23/2011,18:36,1,United States - Texas
698,46.3221,-79.429,2/23/2011,20:05,3,Canada
699,35.5269,-97.5316,2/23/2011,18:52,-9999,United States - Oklahoma
700,35.5391,-77.5637,2/23/2011,19:58,4,United States - South Carolina
701,41.124,-74.6549,2/23/2011,19:53,5,United States - New Jersey
702,30.3684,-97.842,2/23/2011,18:53,3,United States - Texas
703,30.3684,-97.842,2/23/2011,18:58,1,United States - Texas
704,39.0041,-76.8749,2/23/2011,20:03,2,United States - Maryland
705,38.7224,-90.3862,2/22/2011,19:20,3,United States - Missouri
706,32.7764,-79.9311,2/23/2011,20:06,3,United States - South Carolina
707,38.4844,-81.3644,2/23/2011,20:00,4,United States - West Virginia
708,38.7224,-90.3862,2/23/2011,19:10,-9999,United States - Missouri
709,18.3872,-66.1533,2/23/2011,21:00,3,Puerto Rico
710,32.7764,-79.9311,2/23/2011,20:11,5,United States - South Carolina
711,41.8993,-75.4722,2/23/2011,20:07,5,United States - Pennsylvania
712,35.6352,-77.4706,2/23/2011,20:14,5,United States - North Carolina
713,42.3452,-71.5208,2/23/2011,20:12,4,United States - Massachusetts
714,36.3818,-94.2238,2/23/2011,19:00,3,United States - Arkansas
715,35.5611,-77.3683,2/23/2011,20:13,5,United States - North Carolina
716,41.1239,-74.655,2/23/2011,20:11,3,United States - New Jersey
717,32.7764,-79.9735,2/23/2011,20:15,3,United States - South Carolina
718,40.2926,-79.4037,2/23/2011,19:45,3,United States - Pennsylvania
719,38.4076,-81.4863,2/23/2011,20:17,-9999,United States - West Virginia
720,27.4118,-82.5676,2/23/2011,20:11,3,United States - Florida
721,35.7327,-78.8503,2/23/2011,20:15,2,United States - North Carolina
722,35.7327,-78.8503,2/23/2011,20:15,2,United States - North Carolina
723,28.1076,-82.6388,2/23/2011,20:20,5,United States - Florida
724,32.7764,-79.9311,2/23/2011,20:15,3,United States - South Carolina
725,43.5441,-72.2364,2/23/2011,19:22,2,United States - New Hampshire
726,35.4852,-97.5239,2/23/2011,19:26,3,United States - Oklahoma
727,32.7515,-80.1519,2/23/2011,20:30,4,United States - South Carolina
728,30.2977,-97.7765,2/23/2011,19:28,3,United States - Texas
729,38.9576,-76.8829,2/23/2011,20:31,4,United States - Maryland
730,30.0872,-97.5008,2/23/2011,19:30,4,United States - Texas
731,35.6621,-97.5207,2/23/2011,19:28,4,United States - Oklahoma
732,32.75,-96.5606,2/23/2011,19:34,-9999,United States - Texas
733,36.4664,-94.2506,2/23/2011,19:27,3,United States - Arkansas
734,40.7833,-73.9077,2/24/2011,0:00,3,United States - New York
735,31.9522,-84.2188,2/23/2011,20:37,6,United States - South Carolina
736,42.1782,-85.8016,2/23/2011,20:00,3,United States - Michigan
737,40.6715,-74.1139,2/23/2011,20:35,3,United States - New Jersey
738,30.3978,-97.762,2/23/2011,19:34,3,United States - Texas
739,41.5301,-87.2848,2/23/2011,19:39,-9999,United States - Indiana
740,27.3112,-82.4429,2/23/2011,20:37,2,United States - Florida
741,33.1949,-96.643,2/23/2011,19:39,3,United States - Texas
742,43.6788,-79.4241,2/22/2011,20:38,3,Canada
743,40.7815,-73.938,2/23/2011,20:34,4,United States - New York
744,39.2686,-76.4898,2/23/2011,20:41,4,United States - Maryland
745,14.6248,-90.5328,2/23/2011,19:42,4,Guatemala
746,40.7721,-89.6288,2/22/2011,19:39,4,United States - Illinois
747,43.6787,-79.4241,2/23/2011,20:44,2,Canada
748,40.7775,-73.919,2/23/2011,20:47,1,United States - New York
749,30.2454,-97.7439,2/23/2011,19:19,3,United States - Texas
750,40.7681,-73.8889,2/23/2011,20:05,2,United States - New York
751,42.6246,-71.7041,2/23/2011,20:45,5,United States - Massachusetts
752,40.7681,-73.8889,2/21/2011,20:05,-9999,United States - New York
753,34.6452,-86.834,2/23/2011,20:51,4,United States - Texas
754,41.1382,-73.9462,2/23/2011,20:48,3,United States - New York
755,40.7833,-73.9077,2/23/2011,20:54,3,United States - New York
756,32.3988,-110.944,2/22/2011,0:00,5,United States - Arizona
757,39.0095,-77.0362,2/23/2011,19:53,3,United States - Maryland
758,40.2087,-75.6681,2/23/2011,20:25,4,United States - Pennsylvania
759,50.8361,-80.3731,2/23/2011,20:55,7,Canada
760,27.3567,-82.2625,2/23/2011,20:57,4,United States - Florida
761,38.9272,-77.1369,2/23/2011,21:04,3,United States - Virginia
762,30.3683,-97.8408,2/23/2011,20:05,4,United States - Texas
763,32.7766,-79.9309,2/23/2011,21:05,4,United States - South Carolina
764,30.2672,-97.7431,2/23/2011,20:02,1,United States
765,42.6581,-70.6104,2/23/2011,21:03,3,United States - Massachusetts
767,29.109,-110.964,2/24/2011,19:04,4,Mexico
768,42.6002,-71.2982,2/23/2011,21:07,4,United States - Massachusetts
769,32.7764,-79.9311,2/23/2011,21:10,4,United States - South Carolina
770,17.9967,-66.7188,3/5/2011,19:00,5,Puerto Rico
771,38.4084,-81.4754,2/23/2011,21:14,-9999,United States - West Virginia
772,40.773,-73.9583,2/23/2011,21:14,4,United States - New York
773,35.2978,-93.0472,2/23/2011,20:14,6,United States - Arkansas
774,35.6232,-77.4282,2/23/2011,21:13,3,United States - North Carolina
775,17.9599,-67.1369,2/23/2011,22:15,5,Puerto Rico
778,32.7764,-79.9311,2/23/2011,21:18,5,United States - South Carolina
779,43.4533,-80.4984,2/23/2011,21:22,2,Canada
780,30.3003,-97.764,2/23/2011,20:24,3,United States - Texas
781,32.7763,-79.9317,2/23/2011,21:23,4,United States - South Carolina
782,43.4243,-80.4355,2/23/2011,20:05,2,Canada
783,30.0864,-95.692,2/23/2011,20:31,-9999,United States - Texas
784,41.9834,-70.9032,2/23/2011,21:20,3,United States - Massachusetts
786,38.919,-84.6385,2/23/2011,21:30,4,United States - Kentucky
787,35.5482,-97.5424,2/23/2011,20:17,3,United States - Oklahoma
788,43.4639,-80.5222,2/23/2011,20:35,2,Canada
789,39.1155,-104.92,2/23/2011,19:33,3,United States - Colorado
790,43.499,-80.5295,2/23/2011,20:50,2,Canada
791,35.5807,-97.6227,2/23/2011,20:22,4,United States - Oklahoma
792,35.6411,-77.3237,2/23/2011,21:31,4,United States - North Carolina
793,30.2515,-97.8426,2/23/2011,20:36,3,United States - Texas
794,32.7794,-79.9468,2/23/2011,21:37,4,United States - South Carolina
795,40.1634,-74.4104,2/23/2011,21:34,5,United States - New Jersey
796,43.4532,-80.4984,2/23/2011,20:25,2,Canada
797,42.6509,-70.6961,2/23/2011,20:00,5,United States - Massachusetts
798,31.8546,-110.976,2/23/2011,19:38,4,United States - Arizona
799,30.2514,-97.8428,2/23/2011,20:37,3,United States - Texas
800,30.3428,-97.7558,2/23/2011,20:41,3,United States - Texas
802,15.7835,-90.2308,2/23/2011,20:32,4,Guatemala
803,43.4893,-80.493,2/23/2011,21:11,2,Canada
804,30.3797,-97.7858,2/23/2011,20:35,3,United States - Texas
805,36.3729,-94.2088,2/23/2011,20:35,3,United States - Arkansas
806,32.428,-81.7691,2/23/2011,21:30,3,United States - Georgia
807,40.7754,-73.9049,2/23/2011,21:43,4,United States - New Mexico
808,41.425,-97.34,2/23/2011,20:30,4,United States - Nebraska
809,36.3796,-94.2245,2/23/2011,20:43,-9999,United States - Arkansas
810,40.7754,-73.9049,2/23/2011,21:43,4,United States - New York
811,43.4992,-72.1041,2/23/2011,21:48,4,United States - New Hampshire
812,35.5916,-97.5733,2/23/2011,20:32,3,United States - Oklahoma
813,35.5916,-97.5733,2/23/2011,20:35,3,United States - Oklahoma
814,30.3529,-97.7676,2/23/2011,20:54,4,United States - Texas
815,32.7764,-79.9311,2/23/2011,21:55,3,United States - South Carolina
816,36.8999,-119.756,2/23/2011,19:00,3,United States - California
817,31.624,-96.273,2/23/2011,20:52,4,United States - Pennsylvania
818,36.8999,-119.756,2/23/2011,19:00,2,United States - California
819,35.6608,-97.2962,2/23/2011,20:59,5,United States - Oklahoma
820,31.624,-96.273,2/23/2011,21:01,4,United States - Texas
821,35.5409,-97.5392,2/23/2011,18:40,3,United States - Oklahoma
822,35.5452,-97.3011,2/23/2011,20:50,3,United States - Oklahoma
823,32.22,-110.793,2/23/2011,20:05,4,United States - Arizona
824,39.0571,-84.6073,2/23/2011,21:51,4,United States - Kentucky
825,28.0583,-82.688,2/23/2011,21:02,4,United States - Florida
826,45.5891,-73.4606,2/23/2011,22:10,4,Canada
827,36.0648,-94.171,2/23/2011,21:11,2,United States - Arkansas
828,38.3647,-81.6216,2/23/2011,22:12,-9999,United States - West Virginia
829,43.2058,-71.5362,2/23/2011,22:12,3,United States - South Carolina
830,32.7766,-79.9309,2/23/2011,22:13,3,United States - South Carolina
831,30.2727,-97.7903,2/23/2011,21:17,3,United States - Texas
832,30.515,-86.5059,2/23/2011,20:50,4,United States - Florida
833,38.484,-81.2651,2/23/2011,21:54,1,United States - West Virginia
834,30.2971,-97.7282,2/23/2011,21:24,3,United States - Texas
835,40.7754,-73.9049,2/23/2011,20:59,3,United States - New York
836,38.5031,-81.3513,2/23/2011,22:27,3,United States - West Virginia
837,38.4736,-81.2799,2/23/2011,22:29,2,United States - West Virginia
838,44.3286,-69.1006,2/23/2011,22:35,5,United States - Maine
839,19.3387,-99.1841,2/23/2011,21:03,3,Mexico
840,32.7764,-79.9311,2/23/2011,22:23,3,United States - South Carolina
841,40.7593,-96.6095,2/23/2011,21:23,5,United States - Nebraska
842,31.9076,-96.7367,2/23/2011,21:32,2,United States - Texas
843,35.1143,-80.8712,2/23/2011,22:43,2,United States - North Carolina
844,38.4374,-81.36,2/23/2011,22:41,1,United States - West Virginia
845,45.4949,-73.4588,2/23/2011,21:00,4,Canada
846,36.886,-119.749,2/23/2011,19:56,3,United States - California
847,32.1008,-110.801,2/23/2011,20:00,5,United States - Arizona
848,32.1065,-110.802,2/23/2011,20:13,5,United States - Arizona
849,32.1115,-110.79,2/23/2011,20:18,5,United States - Arizona
850,32.1049,-110.792,2/23/2011,20:20,5,United States - Arizona
851,32.1058,-110.786,2/23/2011,20:22,4,United States - Arizona
852,32.0955,-110.781,2/23/2011,21:26,6,United States - Arizona
853,32.1006,-110.776,2/23/2011,20:29,6,United States - Arizona
854,32.1178,-110.797,2/23/2011,20:34,3,United States - Arizona
855,36.8782,-119.74,2/23/2011,20:27,3,United States - California
856,32.1191,-110.809,2/23/2011,20:38,6,United States - Arizona
857,32.1083,-110.813,2/23/2011,20:42,6,United States - Arizona
858,33.3665,-111.889,2/23/2011,21:00,3,United States - Arizona
859,32.0896,-110.804,2/23/2011,20:46,6,United States - Arizona
860,41.6414,-93.7106,2/23/2011,20:31,3,United States - Iowa
861,33.4445,-112.069,2/23/2011,21:25,3,United States - Arizona
862,41.5894,-93.6028,2/23/2011,20:59,3,United States - Iowa
863,41.5622,-93.5669,2/23/2011,21:13,4,United States - Iowa
864,41.7803,-92.9666,2/23/2011,20:35,5,United States - Iowa
865,41.4858,-93.5647,2/23/2011,21:32,5,United States - Iowa
866,47.5908,-122.198,2/23/2011,20:39,-9999,United States - Washington
867,31.8906,-110.949,2/23/2011,21:40,5,United States - Arizona
868,41.5478,-93.4728,2/23/2011,21:50,5,United States - Iowa
869,38.6765,-121.377,2/23/2011,20:05,4,United States - California
870,41.1533,-112.042,2/23/2011,21:23,4,United States - Utah
871,28.62,77.0944,2/24/2011,19:30,-9999,India
872,36.7477,-119.772,2/23/2011,20:34,3,United States - California
873,37.0603,-121.991,2/23/2011,20:48,4,United States - California
874,36.8768,-119.738,2/23/2011,20:45,3,United States - California
875,40.7078,-111.807,2/23/2011,21:37,1,United States - Utah
876,33.3777,-111.848,2/23/2011,21:44,4,United States - Arizona
877,35.6915,-97.4516,2/23/2011,21:52,3,United States - Oklahoma
878,36.8757,-119.739,2/23/2011,20:56,4,United States - California
881,32.7414,-96.5488,2/23/2011,23:18,-9999,United States - Texas
882,8.91305,-79.5252,2/23/2011,20:45,4,Panama
883,33.2538,-111.856,2/22/2011,21:30,1,United States - Arizona
884,42.4356,-71.4575,2/24/2011,23:15,4,United States - Massachusetts
885,32.4351,-111.003,2/23/2011,21:23,6,United States - Arizona
886,37.6981,-122.062,2/21/2011,21:30,2,United States - California
887,32.4351,-111.003,2/23/2011,21:23,6,United States - Arizona
888,37.6981,-122.062,2/22/2011,22:00,3,United States - California
889,37.6979,-122.062,2/23/2011,21:35,3,United States - California
890,40.7806,-73.9385,2/23/2011,20:11,3,United States - New York
891,41.7369,-111.825,2/23/2011,20:06,4,United States - Utah
892,50.7056,7.10944,2/23/2011,20:19,-9999,Germany
893,14.6484,121.069,2/23/2011,19:35,3,Philippines
894,32.5709,-96.0919,2/21/2011,19:30,3,United States - Texas
895,48.1484,17.1073,2/26/2011,20:00,5,Slovakia
896,49.7824,17.0349,2/23/2011,21:10,6,Czech Republic
897,43.644,4.81178,2/24/2011,0:00,4,France
898,45.7805,15.7643,2/23/2011,0:00,-9999,Croatia
901,36.8478,-90.0572,2/23/2011,21:30,5,United States - Missouri
902,-41.2142,174.834,2/24/2011,22:00,5,New Zealand
903,42.9165,-77.5034,2/23/2011,20:35,5,United States - New York
904,-30.1718,153.165,2/24/2011,20:30,3,Australia
905,51.78,19.4474,2/23/2011,21:45,2,Poland
907,41.1443,22.5011,2/23/2011,0:00,-9999,Macedonia
908,-33.8464,151.205,2/24/2011,21:06,5,Australia
909,14.6296,121.042,2/24/2011,19:34,3,Philippines
911,51.8938,11.3068,2/22/2011,21:00,6,Germany
912,42.6617,21.171,2/21/2011,23:00,4,Albania
913,42.9779,-70.9476,2/23/2011,20:00,5,United States - New Hampshire
914,45.7805,15.7643,2/23/2011,0:00,5,Croatia
915,41.5902,-93.67,2/23/2011,19:00,3,United States - Iowa
916,39.048,-108.428,2/23/2011,20:30,-9999,United States - Colorado
917,28.564,77.3547,2/24/2011,19:22,-9999,India
918,-23.5489,-46.6388,2/24/2011,21:30,2,Brazil
919,39.5797,-77.9928,2/24/2011,18:53,5,United States - West Virginia
920,23.279,43.3853,2/22/2011,20:30,3,United States - Massachusetts
921,42.4725,-76.4712,2/23/2011,21:40,3,United States - New York
922,22.3436,73.1889,2/24/2011,19:39,4,India
923,45.8825,-66.7721,2/22/2011,20:00,5,Canada
924,45.8821,-66.7713,2/23/2011,23:00,5,Canada
925,35.5897,-97.631,2/23/2011,18:57,3,United States - Oklahoma
926,35.3654,-97.5277,2/23/2011,20:30,3,United States - Oklahoma
927,54.082,18.8,2/22/2011,21:14,4,Poland
928,38.5489,-86.4568,2/23/2011,20:33,5,United States - Indiana
930,40.6598,-3.76038,2/23/2011,20:50,3,Spain
931,6.91526,79.8737,2/24/2011,20:21,-9999,Sri Lanka
932,22.2523,73.2063,2/24/2011,20:26,4,India
933,37.9371,22.931,2/21/2011,22:30,4,Greece
935,22.3353,73.1884,2/24/2011,20:55,4,India
936,50.7837,7.19182,2/22/2011,21:30,3,Germany
937,50.7837,7.19182,2/23/2011,20:50,-9999,Germany
938,28.6353,77.225,2/24/2011,0:00,-9999,India
939,32.8291,-117.25,2/23/2011,20:43,5,United States - California
940,33.3663,-111.879,2/23/2011,20:14,3,United States - Arizona
941,42.3151,-78.5524,2/23/2011,22:00,6,United States - New York
942,43.8102,-71.6749,2/23/2011,23:14,4,United States - New Hampshire
943,28.2179,-14.0231,2/23/2011,20:21,3,Spain
944,28.2179,-14.0231,2/23/2011,20:21,3,Spain
945,43.2785,-80.4433,2/23/2011,21:30,5,Canada
946,53.5075,-113.508,2/23/2011,22:30,4,Canada
947,22.2816,73.2063,2/23/2011,21:45,3,India
949,64.7415,26.3994,2/23/2011,21:15,4,Finland
950,1.35208,103.82,2/24/2011,20:00,2,Singapore
951,32.0605,34.7853,2/23/2011,20:05,1,Israel
952,42.9922,27.7189,2/24/2011,19:13,3,Bulgaria
953,54.0991,18.7742,2/22/2011,20:37,4,Poland
954,30.6187,34.7906,2/22/2011,22:00,6,Israel
955,33.5944,-112.132,2/23/2011,20:40,4,United States - Arizona
956,64.7529,26.4384,2/24/2011,19:30,3,Finland
957,17.0838,54.1507,2/24/2011,21:00,3,Oman
958,53.479,18.7523,2/24/2011,18:40,3,Poland
959,40.773,-73.9262,2/23/2011,18:21,1,United States - New Mexico
960,54.0589,18.7995,2/24/2011,18:51,3,Poland
961,-26.1131,27.9026,2/24/2011,19:59,3,South Africa
962,37.9005,23.8713,2/24/2011,20:05,4,Greece
963,-20.13,57.5367,2/24/2011,21:15,4,Mauritius
964,55.595,12.1774,2/24/2011,19:17,4,Denmark
965,49.7109,17.8001,2/24/2011,19:17,4,Czech Republic
966,49.7109,17.8001,2/24/2011,19:17,4,Czech Republic
966,49.7109,17.8001,2/24/2011,19:17,4,Czech Republic
967,48.1436,17.1187,2/24/2011,19:13,-9999,Slovakia
968,50.24,18.1932,2/24/2011,19:10,5,Poland
969,60.8655,21.3954,2/24/2011,20:26,4,Finland
970,48.31,11.896,2/24/2011,19:00,4,Germany
971,32.0851,-96.7085,2/23/2011,20:45,4,United States - Texas
972,54.0836,18.7924,2/22/2011,19:15,3,Poland
973,50.4526,18.519,2/24/2011,19:44,3,Poland
974,-25.7055,28.2198,2/24/2011,20:46,4,South Africa
975,44.3093,-74.1174,2/24/2011,19:50,5,United States - New York
976,46.1731,8.78613,2/24/2011,19:59,3,Switzerland
977,49.7759,17.755,2/24/2011,20:01,1,Czech Republic
978,45.7805,15.7643,2/24/2011,19:59,6,Croatia
979,53.4993,18.7636,2/24/2011,20:20,3,Poland
980,45.8049,9.10084,2/23/2011,19:47,4,Italy
981,41.6764,-0.895809,2/24/2011,20:45,3,Spain
983,41.5887,-71.1725,2/23/2011,21:00,5,United States - Rhode Island
984,53.2736,19.8731,2/24/2011,20:45,4,Poland
986,43.4968,-8.20317,2/24/2011,21:06,4,Spain
987,44.9517,7.97189,2/24/2011,21:10,4,Italy
988,53.5052,18.6898,2/24/2011,20:41,4,Poland
989,54.1004,18.7351,2/24/2011,20:40,5,Poland
990,43.2894,-79.8729,2/23/2011,20:15,3,Canada
991,32.1211,-96.4868,2/23/2011,20:46,3,United States - Texas
992,40.6042,-3.71429,2/24/2011,21:24,3,Sudan
993,45.7697,1.05361,2/21/2011,21:44,6,France
994,41.6193,-93.6993,2/23/2011,20:18,3,United States - Iowa
995,39.7836,-75.1675,2/23/2011,20:58,4,United States - New Jersey
996,41.1443,22.5011,2/24/2011,21:00,-9999,Macedonia
997,43.4011,-80.5109,2/23/2011,20:30,3,Canada
998,39.7664,-75.2006,2/23/2011,21:18,4,United States - New Jersey
999,39.7806,-75.1383,2/23/2011,20:35,4,United States - New Jersey
1000,45.9302,8.92268,2/24/2011,21:15,4,Switzerland
1001,42.9913,27.7208,2/24/2011,23:11,3,Bulgaria
1002,50.9243,7.09446,2/24/2011,20:15,-9999,Germany
1003,52.4444,8.19257,2/21/2011,21:27,5,Germany
1004,-37.8966,145.058,2/22/2011,20:44,3,Australia
1005,52.222,8.00999,2/21/2011,23:00,4,Germany
1006,52.8414,12.3277,2/22/2011,21:25,6,Germany
1007,52.5158,13.3513,2/22/2011,23:50,2,Germany
1008,36.7752,-119.755,2/23/2011,19:57,3,United States - California
1009,45.3502,-71.9656,2/23/2011,22:30,4,Canada
1010,51.2259,-0.338459,2/24/2011,21:55,3,United Kingdom
1011,51.1945,16.1455,2/24/2011,22:25,2,Poland
1012,40.9087,-8.49239,2/24/2011,22:23,4,Portugal
1013,42.1728,-75.9557,2/23/2011,21:45,3,United States - New York
1015,5.55572,-0.196306,2/24/2011,22:00,3,Ghana
1016,40.7706,-73.8919,2/23/2011,21:15,4,United States - New York
1017,-23.5704,-46.6219,2/24/2011,20:24,4,Brazil
1018,38.3647,-81.6216,2/24/2011,18:47,-9999,United States - West Virginia
1019,35.4052,-98.9225,2/21/2011,22:00,6,United States - Oklahoma
1020,35.5611,-77.3683,2/24/2011,19:11,-9999,United States - North Carolina
1021,35.6349,-77.4692,2/24/2011,19:13,-9999,United States - North Carolina
1022,32.7764,-79.9311,2/24/2011,19:30,-9999,United States - South Carolina
1023,35.635,-77.4708,2/24/2011,19:14,-9999,United States - North Carolina
1024,43.7078,-72.2076,2/24/2011,19:30,-9999,United States - New Hampshire
1025,32.7764,-79.9311,2/24/2011,19:18,2,United States - South Carolina
1026,32.7764,-79.9311,2/24/2011,19:28,3,United States - South Carolina
1028,32.7375,-79.947,2/24/2011,19:27,1,United States - South Carolina
1029,40.5193,34.9383,2/24/2011,19:20,1,United States - South Carolina
1030,32.7764,-79.9311,2/24/2011,19:30,-9999,United States - South Carolina
1032,32.7764,-79.9311,2/24/2011,19:36,-9999,United States - South Carolina
1033,14.5357,-90.4837,2/22/2011,20:00,3,Guatemala
1034,32.7766,-79.9309,2/24/2011,19:37,7,United States - South Carolina
1035,32.7769,-79.9224,2/24/2011,19:40,-9999,United States - South Carolina
1036,32.7766,-79.9309,2/24/2011,19:41,-9999,United States - South Carolina
1037,32.748,-80.0192,2/24/2011,18:40,1,United States - South Carolina
1038,45.1074,-64.2319,2/24/2011,20:25,6,Canada
1039,36.4636,-94.2665,2/24/2011,18:49,-9999,United States - Arkansas
1040,32.7764,-79.9311,2/24/2011,19:50,-9999,United States - South Carolina
1041,32.7515,-80.1519,2/24/2011,19:47,-9999,United States - South Carolina
1042,32.7515,-80.1519,2/24/2011,19:47,-9999,United States - South Carolina
1043,40.7719,-73.9306,2/24/2011,19:57,-9999,United States - New York
1044,37.0448,-7.96849,2/25/2011,22:30,4,Portugal
1045,38.5041,-81.3537,2/24/2011,20:05,-9999,United States - West Virginia
1046,32.7764,-79.9311,2/24/2011,19:59,3,United States - South Carolina
1047,35.5623,-77.4233,2/24/2011,19:55,-9999,United States - North Carolina
1048,35.5657,-77.3781,2/24/2011,19:56,-9999,United States - North Carolina
1049,32.7764,-79.9311,2/24/2011,20:05,1,United States - South Carolina
1050,48.4637,-89.1808,2/24/2011,20:05,5,Canada
1051,40.7806,-73.9385,2/24/2011,20:07,-9999,United States - New York
1052,32.7766,-79.9309,2/24/2011,20:04,-9999,United States - South Carolina
1053,43.5442,-72.2364,2/24/2011,19:15,-9999,United States - New Hampshire
1054,40.7833,-73.9077,2/25/2011,0:00,-9999,United States - New York
1055,36.4401,-94.2497,2/24/2011,18:56,-9999,United States - Arkansas
1056,40.773,-73.9583,2/24/2011,20:14,-9999,United States - New York
1057,38.4374,-81.36,2/24/2011,20:13,-9999,United States - West Virginia
1058,32.7535,-79.9528,2/24/2011,20:12,1,United States - South Carolina
1059,40.6715,-74.1139,2/24/2011,20:15,-9999,United States - New Jersey
